name,share1,share10,share2,share3,share4,share5,share6,share7,share8,share9
Player 1,SERBIA,PORTUGAL,ARGENTINA,ARGENTINA,BRAZIL,BRAZIL,ENGLAND,ENGLAND,FRANCE,FRANCE
Player 2,ARGENTINA,QATAR,BRAZIL,ENGLAND,SPAIN,URUGUAY,FRANCE,GERMANY,PORTUGAL,BELGIUM
Player 3,BRAZIL,GERMANY,BRAZIL,BRAZIL,BELGIUM,ARGENTINA,FRANCE,ENGLAND,NETHERLANDS,SPAIN
Player 4,SENEGAL,URUGUAY,SENEGAL,MEXICO,MEXICO,CROATIA,CROATIA,SWITZERLAND,SWITZERLAND,URUGUAY
Player 5,URUGUAY,BELGIUM,JAPAN,DENMARK,ARGENTINA,SERBIA,SERBIA,ENGLAND,ENGLAND,BELGIUM
Player 6,BRAZIL,WALES,BRAZIL,CAMEROON,COSTA RICA,COSTA RICA,ENGLAND,FRANCE,MEXICO,MEXICO
Player 7,URUGUAY,NETHERLANDS,SWITZERLAND,BELGIUM,BELGIUM,GERMANY,GERMANY,DENMARK,ARGENTINA,USA
Player 8,ENGLAND,COSTA RICA,ENGLAND,ENGLAND,TUNISIA,TUNISIA,SERBIA,SERBIA,SOUTH KOREA,SOUTH KOREA
Player 9,CROATIA,PORTUGAL,ENGLAND,FRANCE,GERMANY,BRAZIL,ECUADOR,NETHERLANDS,MEXICO,DENMARK
Player 10,NETHERLANDS,SERBIA,ARGENTINA,FRANCE,SPAIN,BELGIUM,BRAZIL,URUGUAY,PORTUGAL,ENGLAND
Player 11,JAPAN,SPAIN,CANADA,SENEGAL,SENEGAL,NETHERLANDS,NETHERLANDS,BRAZIL,ENGLAND,ENGLAND
Player 12,ARGENTINA,FRANCE,ARGENTINA,ARGENTINA,ARGENTINA,BRAZIL,BRAZIL,BRAZIL,FRANCE,FRANCE
Player 13,SENEGAL,GERMANY,SENEGAL,SENEGAL,MEXICO,MEXICO,URUGUAY,URUGUAY,SOUTH KOREA,SOUTH KOREA
Player 14,ARGENTINA,USA,ARGENTINA,BELGIUM,URUGUAY,GERMANY,ENGLAND,ENGLAND,NETHERLANDS,FRANCE
Player 15,SENEGAL,URUGUAY,SENEGAL,SENEGAL,SENEGAL,WALES,WALES,WALES,WALES,URUGUAY
Player 16,ENGLAND,NETHERLANDS,ENGLAND,ENGLAND,BRAZIL,BRAZIL,BRAZIL,SERBIA,SERBIA,NETHERLANDS
Player 17,GERMANY,URUGUAY,GERMANY,GERMANY,MEXICO,MEXICO,MEXICO,SPAIN,SPAIN,SPAIN
Player 18,BRAZIL,DENMARK,BRAZIL,BRAZIL,BRAZIL,ENGLAND,ENGLAND,ENGLAND,SENEGAL,SENEGAL
Player 19,URUGUAY,MOROCCO,URUGUAY,SERBIA,SERBIA,SENEGAL,SENEGAL,WALES,WALES,MOROCCO
Player 20,ARGENTINA,URUGUAY,ARGENTINA,PORTUGAL,PORTUGAL,PORTUGAL,SPAIN,SPAIN,SPAIN,ARGENTINA
Player 21,USA,URUGUAY,USA,ARGENTINA,ARGENTINA,ARGENTINA,JAPAN,JAPAN,CANADA,URUGUAY
Player 22,PORTUGAL,WALES,PORTUGAL,URUGUAY,URUGUAY,SENEGAL,MEXICO,MEXICO,ENGLAND,SWITZERLAND
Player 23,ARGENTINA,WALES,ARGENTINA,ARGENTINA,ARGENTINA,NETHERLANDS,NETHERLANDS,NETHERLANDS,WALES,WALES
Player 24,ARGENTINA,PORTUGAL,ARGENTINA,ARGENTINA,BRAZIL,BRAZIL,BRAZIL,QATAR,PORTUGAL,URUGUAY
Player 25,ARGENTINA,SENEGAL,ARGENTINA,USA,ENGLAND,FRANCE,FRANCE,SERBIA,NETHERLANDS,CROATIA
Player 26,NETHERLANDS,PORTUGAL,NETHERLANDS,FRANCE,FRANCE,GERMANY,GERMANY,ARGENTINA,ARGENTINA,SPAIN
Player 27,ARGENTINA,ECUADOR,ARGENTINA,ARGENTINA,BRAZIL,BRAZIL,BRAZIL,GERMANY,GERMANY,ECUADOR
Player 28,AUSTRALIA,CANADA,ENGLAND,CANADA,GERMANY,USA,SWITZERLAND,BELGIUM,AUSTRALIA,ENGLAND
Player 29,SWITZERLAND,BRAZIL,SWITZERLAND,DENMARK,DENMARK,DENMARK,ARGENTINA,ARGENTINA,ARGENTINA,BRAZIL
Player 30,SWITZERLAND,BELGIUM,SWITZERLAND,SWITZERLAND,WALES,WALES,WALES,SENEGAL,SENEGAL,BELGIUM
Player 31,ARGENTINA,MEXICO,ARGENTINA,BRAZIL,BRAZIL,IRAN,IRAN,NETHERLANDS,NETHERLANDS,MEXICO
Player 32,CROATIA,SENEGAL,CROATIA,FRANCE,FRANCE,GERMANY,GERMANY,GERMANY,SENEGAL,SENEGAL
Player 33,NETHERLANDS,SERBIA,NETHERLANDS,NETHERLANDS,SERBIA,URUGUAY,CAMEROON,DENMARK,MEXICO,URUGUAY
Player 34,NETHERLANDS,GHANA,WALES,POLAND,DENMARK,GERMANY,GERMANY,CANADA,SWITZERLAND,URUGUAY
Player 35,BRAZIL,ARGENTINA,BRAZIL,BRAZIL,BRAZIL,BELGIUM,BELGIUM,BELGIUM,BELGIUM,ARGENTINA
Player 36,WALES,FRANCE,SENEGAL,SERBIA,BRAZIL,BRAZIL,BELGIUM,FRANCE,WALES,SENEGAL
Player 37,MEXICO,PORTUGAL,USA,USA,ARGENTINA,BRAZIL,BRAZIL,BRAZIL,BELGIUM,BELGIUM
Player 38,DENMARK,POLAND,DENMARK,BELGIUM,BELGIUM,URUGUAY,GHANA,BRAZIL,BRAZIL,BRAZIL
Player 39,WALES,ARGENTINA,WALES,WALES,WALES,PORTUGAL,PORTUGAL,PORTUGAL,ARGENTINA,ARGENTINA
Player 40,SERBIA,QATAR,SERBIA,FRANCE,FRANCE,FRANCE,DENMARK,POLAND,ENGLAND,ENGLAND
Player 41,SENEGAL,BELGIUM,WALES,ARGENTINA,DENMARK,SPAIN,CROATIA,GERMANY,URUGUAY,BELGIUM
Player 42,ARGENTINA,BRAZIL,ARGENTINA,ARGENTINA,ARGENTINA,URUGUAY,URUGUAY,SOUTH KOREA,SOUTH KOREA,BRAZIL
Player 43,GERMANY,PORTUGAL,GERMANY,GERMANY,ARGENTINA,ARGENTINA,ARGENTINA,BRAZIL,BRAZIL,PORTUGAL
Player 44,ENGLAND,WALES,ARGENTINA,DENMARK,SPAIN,BRAZIL,CANADA,FRANCE,GERMANY,NETHERLANDS
Player 45,ARGENTINA,SWITZERLAND,ARGENTINA,BRAZIL,BRAZIL,FRANCE,FRANCE,PORTUGAL,GERMANY,ENGLAND
Player 46,GERMANY,BRAZIL,GERMANY,GERMANY,ARGENTINA,ARGENTINA,ARGENTINA,PORTUGAL,PORTUGAL,FRANCE
Player 47,BRAZIL,URUGUAY,BRAZIL,BRAZIL,FRANCE,ARGENTINA,ARGENTINA,ARGENTINA,ARGENTINA,FRANCE
Player 48,ARGENTINA,SPAIN,ARGENTINA,PORTUGAL,PORTUGAL,GERMANY,SENEGAL,FRANCE,FRANCE,BRAZIL
Player 49,BRAZIL,ARGENTINA,BRAZIL,BRAZIL,FRANCE,FRANCE,FRANCE,ENGLAND,ENGLAND,ARGENTINA
Player 50,NETHERLANDS,GHANA,ARGENTINA,DENMARK,SENEGAL,GERMANY,BRAZIL,BELGIUM,SERBIA,ENGLAND
Player 51,NETHERLANDS,SPAIN,NETHERLANDS,NETHERLANDS,DENMARK,DENMARK,DENMARK,CROATIA,CROATIA,SPAIN
Player 52,BELGIUM,GERMANY,BELGIUM,BELGIUM,BELGIUM,CROATIA,CROATIA,GERMANY,GERMANY,GERMANY
Player 53,SERBIA,BRAZIL,MOROCCO,FRANCE,SPAIN,SENEGAL,NETHERLANDS,ENGLAND,ARGENTINA,QATAR
Player 54,SERBIA,SERBIA,SERBIA,CROATIA,CROATIA,USA,ARGENTINA,ARGENTINA,USA,WALES
Player 55,GERMANY,NETHERLANDS,BELGIUM,MOROCCO,CANADA,JAPAN,BRAZIL,CAMEROON,TUNISIA,ARGENTINA
Player 56,ARGENTINA,FRANCE,PORTUGAL,BRAZIL,FRANCE,ARGENTINA,PORTUGAL,SPAIN,BRAZIL,BRAZIL
Player 57,SWITZERLAND,URUGUAY,SWITZERLAND,USA,USA,GERMANY,GERMANY,SENEGAL,POLAND,CROATIA
Player 58,ARGENTINA,MOROCCO,ARGENTINA,FRANCE,FRANCE,SWITZERLAND,SWITZERLAND,JAPAN,JAPAN,MOROCCO
Player 59,PORTUGAL,NETHERLANDS,URUGUAY,SERBIA,CROATIA,POLAND,GERMANY,ENGLAND,URUGUAY,DENMARK
Player 60,BRAZIL,GERMANY,BRAZIL,FRANCE,FRANCE,FRANCE,DENMARK,DENMARK,GERMANY,GERMANY
Player 61,ENGLAND,PORTUGAL,GERMANY,BRAZIL,BRAZIL,DENMARK,BELGIUM,USA,WALES,CROATIA
Player 62,NETHERLANDS,ARGENTINA,ENGLAND,GERMANY,BELGIUM,FRANCE,CROATIA,SWITZERLAND,BRAZIL,ENGLAND
Player 63,BRAZIL,GERMANY,BRAZIL,BELGIUM,BELGIUM,FRANCE,FRANCE,ENGLAND,ENGLAND,NETHERLANDS
Player 64,ENGLAND,NETHERLANDS,ENGLAND,ENGLAND,ENGLAND,BELGIUM,BELGIUM,ARGENTINA,ARGENTINA,PORTUGAL
Player 65,BELGIUM,SPAIN,BRAZIL,ENGLAND,FRANCE,FRANCE,GHANA,GHANA,NETHERLANDS,SENEGAL
Player 66,ARGENTINA,BRAZIL,BRAZIL,FRANCE,GERMANY,ARGENTINA,ARGENTINA,BRAZIL,GERMANY,FRANCE
Player 67,QATAR,ENGLAND,USA,DENMARK,MEXICO,PORTUGAL,PORTUGAL,BRAZIL,SENEGAL,BRAZIL
Player 68,BELGIUM,BRAZIL,BELGIUM,NETHERLANDS,NETHERLANDS,NETHERLANDS,MEXICO,GERMANY,GERMANY,ARGENTINA
Player 69,FRANCE,ENGLAND,ARGENTINA,ARGENTINA,FRANCE,GERMANY,PORTUGAL,PORTUGAL,ENGLAND,ENGLAND
Player 70,ARGENTINA,SERBIA,BRAZIL,FRANCE,CROATIA,SERBIA,CROATIA,GHANA,BELGIUM,SENEGAL
Player 71,FRANCE,BELGIUM,FRANCE,FRANCE,PORTUGAL,PORTUGAL,PORTUGAL,BRAZIL,ENGLAND,NETHERLANDS
Player 72,ARGENTINA,SPAIN,ENGLAND,AUSTRALIA,BELGIUM,BRAZIL,PORTUGAL,URUGUAY,CROATIA,GERMANY
Player 73,ARGENTINA,BRAZIL,ARGENTINA,ARGENTINA,ARGENTINA,GERMANY,GERMANY,GERMANY,BRAZIL,BRAZIL
Player 74,IRAN,USA,IRAN,IRAN,IRAN,CANADA,CANADA,CANADA,CANADA,USA
Player 75,ARGENTINA,ARGENTINA,ARGENTINA,FRANCE,GERMANY,NETHERLANDS,NETHERLANDS,BRAZIL,BRAZIL,NETHERLANDS
Player 76,DENMARK,DENMARK,ARGENTINA,ARGENTINA,ARGENTINA,DENMARK,BRAZIL,BRAZIL,BRAZIL,DENMARK
Player 77,FRANCE,SAUDI ARABIA,FRANCE,SPAIN,SPAIN,BRAZIL,BRAZIL,NETHERLANDS,GHANA,QATAR
Player 78,QATAR,SOUTH KOREA,ECUADOR,SENEGAL,ARGENTINA,GERMANY,TUNISIA,PORTUGAL,GHANA,URUGUAY
Player 79,BRAZIL,CANADA,BRAZIL,BRAZIL,DENMARK,DENMARK,DENMARK,NETHERLANDS,NETHERLANDS,NETHERLANDS
Player 80,BELGIUM,SWITZERLAND,ARGENTINA,ARGENTINA,ENGLAND,ENGLAND,SPAIN,DENMARK,DENMARK,SWITZERLAND
Player 81,MEXICO,MEXICO,MEXICO,MEXICO,USA,USA,PORTUGAL,CAMEROON,DENMARK,MOROCCO
Player 82,ARGENTINA,SPAIN,ARGENTINA,BRAZIL,BRAZIL,ENGLAND,ENGLAND,NETHERLANDS,NETHERLANDS,SPAIN
Player 83,ENGLAND,PORTUGAL,ENGLAND,FRANCE,FRANCE,GERMANY,GERMANY,SERBIA,SERBIA,PORTUGAL
Player 84,SOUTH KOREA,GERMANY,ARGENTINA,ARGENTINA,PORTUGAL,PORTUGAL,IRAN,NETHERLANDS,NETHERLANDS,USA
Player 85,ARGENTINA,DENMARK,ARGENTINA,ARGENTINA,BRAZIL,SERBIA,SERBIA,SERBIA,DENMARK,DENMARK
Player 86,ARGENTINA,PORTUGAL,ARGENTINA,ARGENTINA,BRAZIL,BRAZIL,BRAZIL,FRANCE,FRANCE,PORTUGAL
Player 87,FRANCE,IRAN,FRANCE,FRANCE,FRANCE,GERMANY,GERMANY,GERMANY,SENEGAL,SENEGAL
Player 88,JAPAN,SWITZERLAND,QATAR,BELGIUM,BRAZIL,COSTA RICA,JAPAN,JAPAN,AUSTRALIA,SWITZERLAND
Player 89,ARGENTINA,NETHERLANDS,WALES,MEXICO,BRAZIL,URUGUAY,CROATIA,FRANCE,ECUADOR,ENGLAND
Player 90,ARGENTINA,ARGENTINA,QATAR,URUGUAY,BELGIUM,USA,SWITZERLAND,ECUADOR,MEXICO,TUNISIA
Player 91,QATAR,GHANA,QATAR,ARGENTINA,FRANCE,FRANCE,GERMANY,JAPAN,SERBIA,SERBIA
Player 92,CROATIA,BRAZIL,CROATIA,CROATIA,URUGUAY,URUGUAY,URUGUAY,SENEGAL,SENEGAL,BRAZIL
Player 93,SOUTH KOREA,ENGLAND,GERMANY,BRAZIL,BRAZIL,SPAIN,GERMANY,GERMANY,SPAIN,SPAIN
Player 94,NETHERLANDS,SPAIN,NETHERLANDS,USA,ARGENTINA,FRANCE,FRANCE,PORTUGAL,BRAZIL,GERMANY
Player 95,AUSTRALIA,USA,AUSTRALIA,NETHERLANDS,JAPAN,BRAZIL,BRAZIL,URUGUAY,URUGUAY,AUSTRALIA
Player 96,ENGLAND,BRAZIL,SENEGAL,IRAN,POLAND,TUNISIA,SPAIN,ARGENTINA,BELGIUM,BELGIUM
Player 97,ENGLAND,SWITZERLAND,ENGLAND,ENGLAND,ENGLAND,ECUADOR,ECUADOR,COSTA RICA,GHANA,SWITZERLAND
Player 98,FRANCE,CROATIA,FRANCE,FRANCE,FRANCE,IRAN,BRAZIL,BRAZIL,BRAZIL,CROATIA
Player 99,ARGENTINA,SPAIN,ARGENTINA,ARGENTINA,BRAZIL,BRAZIL,BELGIUM,BELGIUM,ENGLAND,SPAIN
Player 100,ECUADOR,NETHERLANDS,ECUADOR,ECUADOR,SERBIA,SERBIA,SERBIA,BRAZIL,BRAZIL,NETHERLANDS
Player 101,BRAZIL,QATAR,BRAZIL,BRAZIL,BRAZIL,SWITZERLAND,SWITZERLAND,GERMANY,GERMANY,FRANCE
Player 102,BRAZIL,GERMANY,BRAZIL,GERMANY,BELGIUM,GERMANY,ARGENTINA,FRANCE,BRAZIL,NETHERLANDS
Player 103,SENEGAL,DENMARK,WALES,POLAND,SWITZERLAND,GERMANY,BELGIUM,BELGIUM,SERBIA,POLAND
Player 104,BRAZIL,BRAZIL,NETHERLANDS,BELGIUM,SPAIN,ENGLAND,FRANCE,GERMANY,PORTUGAL,ARGENTINA
Player 105,ARGENTINA,URUGUAY,SPAIN,CROATIA,CROATIA,GERMANY,SERBIA,NETHERLANDS,NETHERLANDS,URUGUAY
Player 106,SAUDI ARABIA,CROATIA,MEXICO,ARGENTINA,ARGENTINA,CAMEROON,QATAR,FRANCE,PORTUGAL,FRANCE
Player 107,BELGIUM,WALES,CANADA,COSTA RICA,MEXICO,SENEGAL,SENEGAL,SWITZERLAND,URUGUAY,URUGUAY
Player 108,DENMARK,GHANA,DENMARK,SENEGAL,SENEGAL,SERBIA,SERBIA,MOROCCO,MOROCCO,GHANA
Player 109,ARGENTINA,FRANCE,ARGENTINA,ARGENTINA,BRAZIL,BRAZIL,BRAZIL,SERBIA,SERBIA,FRANCE
Player 110,SENEGAL,MOROCCO,SENEGAL,SENEGAL,SENEGAL,IRAN,IRAN,IRAN,IRAN,MOROCCO
Player 111,SWITZERLAND,BELGIUM,CANADA,MOROCCO,POLAND,ARGENTINA,DENMARK,GERMANY,FRANCE,USA
Player 112,USA,BRAZIL,USA,MEXICO,MEXICO,FRANCE,FRANCE,BRAZIL,BRAZIL,BRAZIL
Player 113,BRAZIL,NETHERLANDS,BRAZIL,BRAZIL,ARGENTINA,ARGENTINA,ARGENTINA,BELGIUM,BELGIUM,BELGIUM
Player 114,ARGENTINA,ENGLAND,ARGENTINA,ARGENTINA,BRAZIL,BRAZIL,PORTUGAL,PORTUGAL,SENEGAL,URUGUAY
Player 115,PORTUGAL,ARGENTINA,PORTUGAL,PORTUGAL,ENGLAND,ENGLAND,ENGLAND,SPAIN,SPAIN,ARGENTINA
Player 116,ECUADOR,SPAIN,USA,URUGUAY,URUGUAY,DENMARK,DENMARK,BELGIUM,BELGIUM,SPAIN
Player 117,ECUADOR,TUNISIA,ECUADOR,ECUADOR,ECUADOR,DENMARK,DENMARK,DENMARK,DENMARK,TUNISIA
Player 118,SENEGAL,POLAND,SENEGAL,NETHERLANDS,NETHERLANDS,DENMARK,DENMARK,BELGIUM,BELGIUM,POLAND
Player 119,GERMANY,BRAZIL,URUGUAY,CROATIA,GERMANY,URUGUAY,NETHERLANDS,GERMANY,NETHERLANDS,BRAZIL
Player 120,ARGENTINA,URUGUAY,ARGENTINA,ARGENTINA,JAPAN,MOROCCO,MEXICO,NETHERLANDS,SENEGAL,PORTUGAL
Player 121,DENMARK,ARGENTINA,GERMANY,GERMANY,BRAZIL,BRAZIL,FRANCE,FRANCE,ARGENTINA,ARGENTINA
Player 122,MEXICO,ARGENTINA,MEXICO,MEXICO,MEXICO,URUGUAY,URUGUAY,URUGUAY,URUGUAY,ARGENTINA
Player 123,ARGENTINA,BRAZIL,ARGENTINA,ENGLAND,ENGLAND,SERBIA,CROATIA,SENEGAL,SENEGAL,BRAZIL
Player 124,ARGENTINA,PORTUGAL,CROATIA,ENGLAND,FRANCE,GERMANY,POLAND,SERBIA,URUGUAY,SPAIN
Player 125,PORTUGAL,ARGENTINA,QATAR,CROATIA,NETHERLANDS,BRAZIL,ENGLAND,GERMANY,SPAIN,ARGENTINA
Player 126,PORTUGAL,NETHERLANDS,PORTUGAL,BRAZIL,BRAZIL,BELGIUM,ENGLAND,FRANCE,GERMANY,SPAIN
Player 127,BRAZIL,SPAIN,ARGENTINA,ARGENTINA,ARGENTINA,FRANCE,FRANCE,FRANCE,SPAIN,SPAIN
Player 128,SPAIN,POLAND,SPAIN,CROATIA,SAUDI ARABIA,SPAIN,ENGLAND,ENGLAND,ENGLAND,BELGIUM
Player 129,BRAZIL,POLAND,BELGIUM,FRANCE,ENGLAND,NETHERLANDS,NETHERLANDS,DENMARK,URUGUAY,WALES
Player 130,PORTUGAL,URUGUAY,PORTUGAL,BRAZIL,SENEGAL,IRAN,SERBIA,DENMARK,ARGENTINA,MOROCCO
Player 131,ARGENTINA,BRAZIL,ARGENTINA,FRANCE,FRANCE,SPAIN,GERMANY,GERMANY,BELGIUM,BRAZIL
Player 132,BRAZIL,PORTUGAL,ARGENTINA,FRANCE,GERMANY,NETHERLANDS,SPAIN,ENGLAND,BELGIUM,SERBIA
Player 133,ARGENTINA,BELGIUM,ARGENTINA,BRAZIL,BRAZIL,ENGLAND,ENGLAND,BELGIUM,BELGIUM,BELGIUM
Player 134,ARGENTINA,SERBIA,PORTUGAL,GERMANY,SERBIA,BRAZIL,BELGIUM,FRANCE,ARGENTINA,PORTUGAL
Player 135,NETHERLANDS,POLAND,NETHERLANDS,NETHERLANDS,BELGIUM,BELGIUM,BELGIUM,BRAZIL,BRAZIL,GHANA
Player 136,WALES,URUGUAY,WALES,SPAIN,SPAIN,FRANCE,FRANCE,SENEGAL,SENEGAL,URUGUAY
Player 137,SPAIN,BRAZIL,SPAIN,SPAIN,SPAIN,NETHERLANDS,NETHERLANDS,BRAZIL,SOUTH KOREA,WALES
Player 138,URUGUAY,GERMANY,POLAND,POLAND,NETHERLANDS,CROATIA,NETHERLANDS,WALES,URUGUAY,GERMANY
Player 139,ARGENTINA,NETHERLANDS,ARGENTINA,BRAZIL,BRAZIL,FRANCE,FRANCE,BELGIUM,ENGLAND,ENGLAND
Player 140,SERBIA,ENGLAND,SERBIA,SERBIA,CROATIA,CROATIA,CROATIA,GERMANY,GERMANY,ENGLAND
Player 141,BRAZIL,SENEGAL,BRAZIL,ARGENTINA,ARGENTINA,GERMANY,GERMANY,CANADA,CANADA,SENEGAL
Player 142,ARGENTINA,SWITZERLAND,ENGLAND,URUGUAY,USA,JAPAN,SERBIA,DENMARK,MOROCCO,NETHERLANDS
Player 143,MEXICO,SWITZERLAND,MEXICO,MEXICO,MEXICO,BELGIUM,BELGIUM,BELGIUM,BELGIUM,SWITZERLAND
Player 144,NETHERLANDS,CROATIA,NETHERLANDS,NETHERLANDS,ECUADOR,ECUADOR,COSTA RICA,MEXICO,MEXICO,CROATIA
Player 145,ARGENTINA,NETHERLANDS,ARGENTINA,ARGENTINA,BELGIUM,BELGIUM,BRAZIL,BRAZIL,BRAZIL,NETHERLANDS
Player 146,GHANA,BRAZIL,GHANA,MOROCCO,MOROCCO,TUNISIA,TUNISIA,POLAND,POLAND,BRAZIL
Player 147,ARGENTINA,GERMANY,ARGENTINA,ARGENTINA,ARGENTINA,BRAZIL,BRAZIL,BRAZIL,PORTUGAL,PORTUGAL
Player 148,PORTUGAL,ECUADOR,PORTUGAL,PORTUGAL,PORTUGAL,GHANA,GHANA,GHANA,ECUADOR,ECUADOR
Player 149,ARGENTINA,PORTUGAL,ARGENTINA,USA,USA,BRAZIL,BRAZIL,FRANCE,FRANCE,PORTUGAL
Player 150,JAPAN,DENMARK,JAPAN,CANADA,CANADA,CANADA,SWITZERLAND,SWITZERLAND,DENMARK,DENMARK
Player 151,PORTUGAL,SPAIN,PORTUGAL,PORTUGAL,FRANCE,ENGLAND,ENGLAND,QATAR,SENEGAL,SPAIN
Player 152,SERBIA,ARGENTINA,WALES,PORTUGAL,PORTUGAL,NETHERLANDS,ENGLAND,ENGLAND,BRAZIL,ARGENTINA
Player 153,NETHERLANDS,URUGUAY,NETHERLANDS,ENGLAND,USA,ARGENTINA,GERMANY,GERMANY,CROATIA,CROATIA
Player 154,SAUDI ARABIA,CAMEROON,ECUADOR,ENGLAND,AUSTRALIA,BELGIUM,BRAZIL,SENEGAL,GERMANY,USA
Player 155,ENGLAND,BELGIUM,ENGLAND,BRAZIL,BRAZIL,FRANCE,FRANCE,IRAN,IRAN,BELGIUM
Player 156,SENEGAL,DENMARK,ECUADOR,NETHERLANDS,NETHERLANDS,ENGLAND,ENGLAND,ARGENTINA,ARGENTINA,DENMARK
Player 157,GHANA,MEXICO,GHANA,ARGENTINA,ARGENTINA,NETHERLANDS,NETHERLANDS,SERBIA,SERBIA,MEXICO
Player 158,ARGENTINA,CROATIA,ARGENTINA,SPAIN,GERMANY,ENGLAND,ENGLAND,BRAZIL,PORTUGAL,FRANCE
Player 159,SERBIA,WALES,MOROCCO,MEXICO,URUGUAY,POLAND,FRANCE,POLAND,WALES,FRANCE
Player 160,DENMARK,MOROCCO,NETHERLANDS,MEXICO,URUGUAY,BRAZIL,CROATIA,SPAIN,NETHERLANDS,ARGENTINA
Player 161,DENMARK,FRANCE,DENMARK,DENMARK,DENMARK,NETHERLANDS,NETHERLANDS,NETHERLANDS,NETHERLANDS,BELGIUM
Player 162,ARGENTINA,JAPAN,ARGENTINA,ARGENTINA,ARGENTINA,BRAZIL,BRAZIL,FRANCE,FRANCE,JAPAN
Player 163,ENGLAND,PORTUGAL,ENGLAND,SENEGAL,SPAIN,SPAIN,BRAZIL,BRAZIL,SERBIA,PORTUGAL
Player 164,BELGIUM,DENMARK,BELGIUM,BELGIUM,BELGIUM,BRAZIL,BRAZIL,CROATIA,CROATIA,DENMARK
Player 165,ECUADOR,BRAZIL,ECUADOR,SENEGAL,SENEGAL,ENGLAND,ENGLAND,SPAIN,SPAIN,BRAZIL
Player 166,IRAN,SPAIN,IRAN,ARGENTINA,ARGENTINA,FRANCE,FRANCE,GERMANY,GERMANY,ENGLAND
Player 167,ARGENTINA,SOUTH KOREA,ARGENTINA,FRANCE,FRANCE,AUSTRALIA,AUSTRALIA,WALES,SENEGAL,SENEGAL
Player 168,QATAR,USA,PORTUGAL,NETHERLANDS,BELGIUM,BRAZIL,ENGLAND,CAMEROON,GERMANY,IRAN
Player 169,BRAZIL,SENEGAL,BRAZIL,BRAZIL,BRAZIL,FRANCE,FRANCE,ENGLAND,ENGLAND,GERMANY
Player 170,FRANCE,ARGENTINA,FRANCE,FRANCE,BRAZIL,BRAZIL,BRAZIL,ENGLAND,ENGLAND,ARGENTINA
Player 171,ARGENTINA,ARGENTINA,ARGENTINA,BRAZIL,BRAZIL,FRANCE,FRANCE,SPAIN,ENGLAND,PORTUGAL
Player 172,GERMANY,MEXICO,TUNISIA,SWITZERLAND,ECUADOR,IRAN,MOROCCO,SENEGAL,SERBIA,DENMARK
Player 173,CANADA,NETHERLANDS,BELGIUM,BELGIUM,NETHERLANDS,NETHERLANDS,DENMARK,USA,USA,GHANA
Player 174,PORTUGAL,ARGENTINA,BRAZIL,BRAZIL,ENGLAND,ENGLAND,ENGLAND,ENGLAND,ARGENTINA,ARGENTINA
Player 175,BRAZIL,TUNISIA,BRAZIL,BRAZIL,BRAZIL,MEXICO,MEXICO,SENEGAL,SENEGAL,TUNISIA
Player 176,ARGENTINA,SPAIN,SENEGAL,SENEGAL,SENEGAL,URUGUAY,URUGUAY,ARGENTINA,SPAIN,SPAIN
Player 177,ARGENTINA,GERMANY,ARGENTINA,FRANCE,SPAIN,SPAIN,URUGUAY,URUGUAY,SERBIA,MOROCCO
Player 178,BELGIUM,WALES,BELGIUM,NETHERLANDS,NETHERLANDS,NETHERLANDS,SWITZERLAND,SWITZERLAND,SWITZERLAND,WALES
Player 179,ARGENTINA,ENGLAND,ARGENTINA,ARGENTINA,ARGENTINA,PORTUGAL,PORTUGAL,BRAZIL,ENGLAND,ENGLAND
Player 180,NETHERLANDS,NETHERLANDS,POLAND,POLAND,DENMARK,NETHERLANDS,DENMARK,SENEGAL,SENEGAL,ARGENTINA
Player 181,GERMANY,CANADA,GERMANY,GERMANY,GERMANY,ENGLAND,ENGLAND,ENGLAND,ENGLAND,CANADA
Player 182,NETHERLANDS,POLAND,NETHERLANDS,URUGUAY,URUGUAY,DENMARK,DENMARK,FRANCE,FRANCE,FRANCE
Player 183,SENEGAL,URUGUAY,SENEGAL,MEXICO,SPAIN,SPAIN,SPAIN,CROATIA,BRAZIL,URUGUAY
Player 184,ARGENTINA,BELGIUM,BRAZIL,ENGLAND,FRANCE,PORTUGAL,GERMANY,SPAIN,BELGIUM,BELGIUM
Player 185,ARGENTINA,PORTUGAL,ARGENTINA,ARGENTINA,MEXICO,DENMARK,URUGUAY,URUGUAY,SENEGAL,SENEGAL
Player 186,MOROCCO,PORTUGAL,MOROCCO,USA,USA,ARGENTINA,ARGENTINA,ARGENTINA,PORTUGAL,PORTUGAL
Player 187,ARGENTINA,BELGIUM,ARGENTINA,ARGENTINA,NETHERLANDS,URUGUAY,BRAZIL,BRAZIL,SERBIA,ENGLAND
Player 188,NETHERLANDS,PORTUGAL,NETHERLANDS,ARGENTINA,ARGENTINA,ENGLAND,ENGLAND,FRANCE,FRANCE,CANADA
Player 189,NETHERLANDS,ARGENTINA,POLAND,POLAND,DENMARK,NETHERLANDS,DENMARK,SENEGAL,SENEGAL,ARGENTINA
Player 190,ARGENTINA,FRANCE,ARGENTINA,NETHERLANDS,NETHERLANDS,GERMANY,ARGENTINA,BRAZIL,BRAZIL,BRAZIL
Player 191,NETHERLANDS,URUGUAY,NETHERLANDS,NETHERLANDS,NETHERLANDS,WALES,WALES,WALES,WALES,CROATIA
Player 192,SENEGAL,POLAND,SENEGAL,FRANCE,ARGENTINA,ARGENTINA,BRAZIL,PORTUGAL,BRAZIL,GERMANY
Player 193,ARGENTINA,GERMANY,BRAZIL,GERMANY,BELGIUM,ENGLAND,FRANCE,PORTUGAL,ARGENTINA,BRAZIL
Player 194,BRAZIL,SERBIA,BRAZIL,BRAZIL,BRAZIL,FRANCE,FRANCE,FRANCE,IRAN,SENEGAL
Player 195,ARGENTINA,CANADA,ARGENTINA,ARGENTINA,ARGENTINA,FRANCE,FRANCE,FRANCE,BRAZIL,BRAZIL
Player 196,ARGENTINA,ENGLAND,ARGENTINA,CROATIA,MEXICO,USA,SERBIA,PORTUGAL,FRANCE,AUSTRALIA
Player 197,ENGLAND,DENMARK,ENGLAND,URUGUAY,PORTUGAL,BRAZIL,BRAZIL,USA,USA,ARGENTINA
Player 198,FRANCE,CROATIA,FRANCE,FRANCE,FRANCE,CROATIA,COSTA RICA,ARGENTINA,BELGIUM,BELGIUM
Player 199,DENMARK,ENGLAND,NETHERLANDS,SOUTH KOREA,FRANCE,FRANCE,DENMARK,NETHERLANDS,CANADA,PORTUGAL
Player 200,PORTUGAL,MEXICO,PORTUGAL,BRAZIL,BRAZIL,ARGENTINA,ARGENTINA,SENEGAL,GERMANY,SPAIN
Player 201,ARGENTINA,GHANA,ARGENTINA,DENMARK,DENMARK,BELGIUM,BELGIUM,URUGUAY,GERMANY,SENEGAL
Player 202,ECUADOR,PORTUGAL,USA,POLAND,DENMARK,GHANA,GHANA,PORTUGAL,NETHERLANDS,NETHERLANDS
Player 203,ENGLAND,SPAIN,ENGLAND,FRANCE,FRANCE,FRANCE,ENGLAND,SPAIN,SPAIN,SPAIN
Player 204,ARGENTINA,URUGUAY,ARGENTINA,NETHERLANDS,ENGLAND,FRANCE,GERMANY,BELGIUM,BRAZIL,BRAZIL
Player 205,SENEGAL,URUGUAY,SENEGAL,SERBIA,SERBIA,DENMARK,DENMARK,DENMARK,URUGUAY,URUGUAY
Player 206,QATAR,JAPAN,QATAR,QATAR,QATAR,TUNISIA,TUNISIA,TUNISIA,TUNISIA,JAPAN
Player 207,NETHERLANDS,DENMARK,ENGLAND,ARGENTINA,FRANCE,SPAIN,BELGIUM,BRAZIL,PORTUGAL,GERMANY
Player 208,SENEGAL,ARGENTINA,SENEGAL,SENEGAL,DENMARK,DENMARK,URUGUAY,URUGUAY,SERBIA,ARGENTINA
Player 209,GERMANY,SPAIN,GERMANY,GERMANY,WALES,FRANCE,BRAZIL,CANADA,CANADA,BELGIUM
Player 210,BRAZIL,URUGUAY,BRAZIL,ARGENTINA,ARGENTINA,GERMANY,ENGLAND,AUSTRALIA,NETHERLANDS,SENEGAL
Player 211,BRAZIL,CAMEROON,BRAZIL,BRAZIL,SPAIN,SPAIN,GHANA,GHANA,ECUADOR,ECUADOR
Player 212,USA,SERBIA,SPAIN,SPAIN,SPAIN,SPAIN,GERMANY,GERMANY,GERMANY,GERMANY
Player 213,GERMANY,SPAIN,GERMANY,GERMANY,GERMANY,PORTUGAL,PORTUGAL,PORTUGAL,PORTUGAL,SPAIN
Player 214,FRANCE,SENEGAL,FRANCE,FRANCE,ARGENTINA,ARGENTINA,ARGENTINA,BRAZIL,BRAZIL,NETHERLANDS
Player 215,ARGENTINA,PORTUGAL,ARGENTINA,BRAZIL,BRAZIL,BRAZIL,ARGENTINA,MEXICO,BELGIUM,FRANCE
Player 216,ARGENTINA,MOROCCO,ARGENTINA,FRANCE,FRANCE,BRAZIL,SENEGAL,SENEGAL,ECUADOR,SPAIN
Player 217,BRAZIL,BELGIUM,BRAZIL,BRAZIL,BRAZIL,ARGENTINA,ARGENTINA,GERMANY,GERMANY,FRANCE
Player 218,IRAN,SENEGAL,ARGENTINA,ARGENTINA,SPAIN,SPAIN,SPAIN,SWITZERLAND,URUGUAY,DENMARK
Player 219,BRAZIL,CROATIA,BRAZIL,BRAZIL,DENMARK,DENMARK,DENMARK,DENMARK,CROATIA,CROATIA
Player 220,CROATIA,SPAIN,CROATIA,SENEGAL,SENEGAL,BELGIUM,BELGIUM,WALES,SERBIA,URUGUAY
Player 221,SENEGAL,USA,SENEGAL,SENEGAL,SENEGAL,POLAND,POLAND,USA,USA,USA
Player 222,CROATIA,DENMARK,BELGIUM,BELGIUM,BELGIUM,BRAZIL,BRAZIL,ARGENTINA,DENMARK,DENMARK
Player 223,ARGENTINA,FRANCE,ARGENTINA,GERMANY,GERMANY,GERMANY,GERMANY,PORTUGAL,PORTUGAL,FRANCE
Player 224,PORTUGAL,PORTUGAL,DENMARK,GERMANY,CROATIA,MEXICO,URUGUAY,SWITZERLAND,USA,GERMANY
Player 225,ARGENTINA,SENEGAL,POLAND,DENMARK,MEXICO,ENGLAND,BRAZIL,FRANCE,GERMANY,SENEGAL
